rank,feature,importance
1,G2,0.896595
2,absences,0.036763
3,G1,0.014654
4,age,0.012926
5,reason,0.005317
6,freetime,0.005300
7,health,0.003636
8,Fedu,0.002579
9,school,0.002357
10,failures,0.002284
